Epoch,Temp,Humidity,Tx,Difficulty,MEGA_Response_ms,ESP32_Response_ms,MEGA_Score,ESP32_Score,Winner,Validation
1,28.0,57.0,9,1,449.368,45.916,224.844241,2178.027608,ESP32,TRUE
2,28.0,57.0,13,1,4313.652,46.788,23.431361,2137.414335,ESP32,TRUE
3,28.0,57.0,13,1,4313.873,46.657,23.430174,2143.445844,ESP32,TRUE
4,28.0,57.0,15,1,145.49,47.144,696.947883,2121.320154,ESP32,TRUE
5,28.0,57.0,7,1,3336.216,45.569,30.28226,2194.633691,ESP32,TRUE
6,28.0,57.0,14,1,306.47,46.684,331.027555,2142.173459,ESP32,TRUE
7,28.0,57.0,13,1,4312.835,50.321,23.435753,1987.382828,ESP32,TRUE
8,28.0,58.0,13,1,3338.069,46.581,30.278711,2146.927701,ESP32,TRUE
9,28.0,58.0,9,1,4152.298,45.356,24.330955,2204.899406,ESP32,TRUE
10,28.0,58.0,5,1,1077.652,45.714,93.730677,2187.65836,ESP32,TRUE
11,28.0,58.0,10,1,2805.955,47.148,36.020035,2121.483265,ESP32,TRUE
12,28.0,58.0,17,1,678.935,46.942,148.869298,2130.561675,ESP32,TRUE
13,28.0,58.0,7,1,2410.497,45.914,41.910266,2178.206965,ESP32,TRUE
14,28.0,58.0,17,1,678.953,46.733,148.865393,2140.062294,ESP32,TRUE
15,28.0,58.0,13,1,3337.551,46.729,30.283361,2140.583526,ESP32,TRUE
16,28.0,57.0,12,1,1207.735,48.657,83.673764,2055.312215,ESP32,TRUE
17,28.0,57.0,9,1,456.742,45.828,221.251465,2182.32457,ESP32,TRUE
18,28.0,57.0,15,1,145.639,46.885,696.244689,2132.993275,ESP32,TRUE
19,28.0,57.0,12,1,1211.036,47.004,83.448072,2127.583911,ESP32,TRUE
20,28.0,57.0,8,1,179.817,49.945,562.970279,2002.585429,ESP32,TRUE
21,28.0,57.0,9,1,455.943,45.38,221.635142,2203.762641,ESP32,TRUE
22,28.0,57.0,14,1,304.794,46.531,332.821791,2149.259047,ESP32,TRUE
23,28.0,57.0,7,1,3336.281,45.766,30.281676,2185.809448,ESP32,TRUE
24,28.0,58.0,15,1,1254.298,46.565,80.569054,2147.730495,ESP32,TRUE
25,28.0,58.0,8,1,1174.973,45.755,85.967456,2185.858663,ESP32,TRUE
26,28.0,58.0,14,1,2537.776,46.466,39.826133,2152.25117,ESP32,TRUE
27,28.0,58.0,8,1,1176.045,45.681,85.889878,2189.237007,ESP32,TRUE
28,28.0,58.0,16,1,388.392,46.756,260.362031,2139.141026,ESP32,TRUE
29,28.0,58.0,15,1,1252.817,46.691,80.663301,2141.843739,ESP32,TRUE
30,28.0,58.0,12,1,1150.289,52.039,87.852122,1921.808216,ESP32,TRUE
31,28.0,58.0,16,1,388.369,46.347,260.377279,2157.753383,ESP32,TRUE
32,28.0,58.0,7,1,2408.707,46.608,41.941095,2145.66083,ESP32,TRUE
33,28.0,57.0,12,1,1208.67,46.646,83.609712,2143.92281,ESP32,TRUE
34,28.0,57.0,10,1,979.726,46.895,103.145791,2133.300706,ESP32,TRUE
35,28.0,57.0,8,1,177.186,45.774,571.22801,2184.804299,ESP32,TRUE
36,28.0,57.0,9,1,456.022,45.961,221.597147,2175.89372,ESP32,TRUE
37,28.0,58.0,9,1,4154.929,45.877,24.315705,2179.866572,ESP32,TRUE
38,28.0,58.0,14,1,2539.175,46.537,39.804423,2149.193327,ESP32,TRUE
39,28.0,58.0,11,1,767.678,48.842,131.651848,2047.709083,ESP32,TRUE
40,28.0,58.0,12,1,1148.054,47.018,88.021364,2127.50599,ESP32,TRUE
41,28.0,58.0,7,1,2407.978,45.491,41.953664,2198.430419,ESP32,TRUE
42,28.0,58.0,18,1,112.828,46.662,900.193731,2143.399115,ESP32,TRUE
43,28.0,57.0,11,1,2493.822,46.753,40.527737,2139.003459,ESP32,TRUE
44,28.0,58.0,10,1,2805.343,46.951,36.02781,2130.065149,ESP32,TRUE
45,28.0,58.0,10,1,2805.829,46.741,36.021636,2139.569221,ESP32,TRUE
46,28.0,58.0,13,1,3337.785,46.756,30.28126,2139.021083,ESP32,TRUE
47,28.0,58.0,6,1,3641.359,45.659,27.744622,2190.357446,ESP32,TRUE
48,28.0,58.0,14,1,2536.196,46.927,39.850682,2131.142942,ESP32,TRUE
49,28.0,58.0,12,1,1151.367,72.988,87.770727,1370.212301,ESP32,TRUE
50,28.0,58.0,16,1,391.383,46.813,258.394398,2136.27497,ESP32,TRUE
51,28.0,58.0,13,1,3338.863,46.871,30.271587,2133.678833,ESP32,TRUE
52,28.0,58.0,18,1,114.444,47.207,887.678714,2118.49205,ESP32,TRUE
53,28.0,58.0,9,1,4153.62,45.755,24.32329,2185.67325,ESP32,TRUE
54,28.0,58.0,18,1,114.93,46.795,883.983753,2137.114542,ESP32,TRUE
55,28.0,58.0,10,1,2806.625,46.678,36.011528,2142.52463,ESP32,TRUE
56,28.0,58.0,14,1,2540.816,46.658,39.778987,2143.375171,ESP32,TRUE
57,28.0,58.0,16,1,390.917,46.822,258.698976,2136.210272,ESP32,TRUE
58,28.0,58.0,5,1,1077.277,45.526,93.762978,2196.737196,ESP32,TRUE
59,28.0,58.0,18,1,113.341,46.697,896.182169,2141.67725,ESP32,TRUE
60,28.0,58.0,12,1,1150.062,46.876,87.869281,2133.462756,ESP32,TRUE
61,28.0,58.0,6,1,3642.069,45.723,27.739269,2187.316526,ESP32,TRUE
62,28.0,58.0,14,1,2539.441,46.481,39.800298,2151.975382,ESP32,TRUE
63,28.0,58.0,19,1,4459.521,57.665,22.664794,1734.425703,ESP32,TRUE
64,28.0,58.0,16,1,390.942,46.67,258.682618,2142.812482,ESP32,TRUE
65,28.0,58.0,18,1,111.318,47.76,912.216227,2093.91286,ESP32,TRUE
66,28.0,58.0,17,1,679.823,50.271,148.676905,1989.404632,ESP32,TRUE
67,28.0,58.0,8,1,1176.796,52.733,85.835613,1896.550092,ESP32,TRUE
68,28.0,58.0,8,1,1180.698,45.577,85.554781,2194.89364,ESP32,TRUE
69,28.0,58.0,18,1,112.708,47.004,901.137378,2127.966337,ESP32,TRUE
70,28.0,58.0,18,1,113.23,47.093,897.047086,2123.652518,ESP32,TRUE
71,28.0,58.0,6,1,3641.191,45.87,27.74589,2180.219124,ESP32,TRUE
72,28.0,58.0,15,1,1253.191,46.918,80.63948,2131.596645,ESP32,TRUE
73,28.0,58.0,18,1,115.153,46.845,882.298767,2134.927031,ESP32,TRUE
74,28.0,58.0,5,1,1077.86,45.605,93.71277,2192.844896,ESP32,TRUE
75,28.0,58.0,9,1,4153.396,45.811,24.324588,2183.12143,ESP32,TRUE
76,28.0,58.0,13,1,3339.086,47.026,30.269587,2126.606828,ESP32,TRUE
77,28.0,58.0,11,1,769.024,46.794,131.423852,2137.129477,ESP32,TRUE
78,28.0,58.0,10,1,2803.058,46.86,36.056868,2134.185665,ESP32,TRUE
79,28.0,58.0,19,1,4459.908,46.624,22.662848,2144.94044,ESP32,TRUE
80,28.0,58.0,5,1,1077.754,47.083,93.721895,2124.309817,ESP32,TRUE
81,28.0,58.0,9,1,4151.892,45.715,24.33331,2187.617584,ESP32,TRUE
82,28.0,58.0,14,1,2539.864,48.147,39.793739,2077.098643,ESP32,TRUE
83,28.0,58.0,6,1,3640.706,45.564,27.749548,2194.950769,ESP32,TRUE
84,28.0,58.0,7,1,2409.939,45.904,41.919871,2178.614925,ESP32,TRUE
85,28.0,58.0,10,1,2805.293,46.66,36.028445,2143.268766,ESP32,TRUE
86,28.0,58.0,5,1,1075.19,58.341,93.94316,1714.47695,ESP32,TRUE
87,28.0,58.0,19,1,4460.427,46.582,22.660239,2146.879047,ESP32,TRUE
88,28.0,58.0,11,1,769.998,46.823,131.259366,2135.809973,ESP32,TRUE
89,28.0,58.0,8,1,1174.888,45.504,85.973614,2198.410937,ESP32,TRUE
90,28.0,58.0,8,1,1176.396,46.177,85.864507,2165.726885,ESP32,TRUE
91,28.0,58.0,13,1,3338.141,46.761,30.278065,2138.999379,ESP32,TRUE
92,28.0,57.0,10,1,982.257,46.706,102.882787,2141.161831,ESP32,TRUE
93,28.0,57.0,12,1,1208.549,46.648,83.617995,2144.107267,ESP32,TRUE
94,28.0,57.0,17,1,2040.729,46.688,49.524575,2142.542025,ESP32,TRUE
95,28.0,57.0,16,1,891.447,46.692,113.364832,2141.84042,ESP32,TRUE
96,28.0,57.0,6,1,4574.102,45.799,22.087755,2183.559655,ESP32,TRUE
97,28.0,57.0,17,1,2040.884,46.726,49.520853,2140.966695,ESP32,TRUE
98,28.0,57.0,13,1,4313.738,46.667,23.430899,2143.014889,ESP32,TRUE
99,28.0,57.0,14,1,307.232,46.698,330.218272,2141.564849,ESP32,TRUE
100,28.0,57.0,11,1,2495.134,46.594,40.506652,2146.34961,ESP32,TRUE
101,28.0,57.0,17,1,2039.945,46.849,49.543407,2134.740559,ESP32,TRUE
102,28.0,57.0,16,1,891.197,46.796,113.3963,2137.042676,ESP32,TRUE
103,28.0,57.0,13,1,4313.394,46.477,23.432748,2151.7185,ESP32,TRUE
104,28.0,57.0,7,1,3338.229,46.528,30.264185,2149.433274,ESP32,TRUE
105,28.0,57.0,13,1,4315.351,47.038,23.422234,2126.364832,ESP32,TRUE
106,28.0,57.0,12,1,1209.272,46.716,83.568525,2140.914446,ESP32,TRUE
107,28.0,57.0,17,1,2041.471,46.821,49.506764,2135.973409,ESP32,TRUE
108,28.0,57.0,14,1,306.171,46.792,331.346209,2137.268076,ESP32,TRUE
109,28.0,57.0,14,1,306.922,47.032,330.547023,2126.645045,ESP32,TRUE
110,28.0,57.0,19,1,5437.358,46.949,18.589687,2130.094067,ESP32,TRUE
111,28.0,57.0,16,1,891.801,46.982,113.320304,2128.849419,ESP32,TRUE
112,28.0,57.0,10,1,982.642,46.919,102.8429,2131.670116,ESP32,TRUE
113,28.0,57.0,5,1,1125.138,45.856,89.776469,2180.898456,ESP32,TRUE
114,28.0,57.0,5,1,1121.859,45.783,90.036244,2184.635449,ESP32,TRUE
115,28.0,57.0,13,1,4313.094,46.863,23.43436,2133.990466,ESP32,TRUE
116,28.0,57.0,12,1,1208.548,46.839,83.618064,2135.092437,ESP32,TRUE
117,28.0,57.0,9,1,457.896,45.501,220.699683,2197.927856,ESP32,TRUE
118,28.0,57.0,13,1,4316.422,47.337,23.416484,2112.659204,ESP32,TRUE
119,28.0,57.0,7,1,3338.46,45.799,30.262112,2183.575041,ESP32,TRUE
120,28.0,57.0,5,1,1122.993,46.63,89.946233,2144.655189,ESP32,TRUE
121,28.0,57.0,12,1,1207.437,46.686,83.694199,2142.268458,ESP32,TRUE
122,28.0,57.0,14,1,305.805,46.515,331.737115,2149.97417,ESP32,TRUE
123,28.0,57.0,18,1,2333.258,46.945,43.316712,2130.301485,ESP32,TRUE
124,28.0,57.0,15,1,146.288,46.48,693.198489,2151.614343,ESP32,TRUE
125,28.0,57.0,8,1,176.926,45.669,572.057387,2189.827988,ESP32,TRUE
126,28.0,57.0,13,1,4314.843,46.7,23.424962,2141.445799,ESP32,TRUE
127,28.0,57.0,15,1,146.19,46.932,693.656736,2131.0443,ESP32,TRUE
128,28.0,57.0,6,1,4571.189,45.725,22.101687,2187.203512,ESP32,TRUE
129,28.0,57.0,17,1,2039.862,46.649,49.545402,2143.787676,ESP32,TRUE
130,28.0,57.0,12,1,1206.992,47.225,83.724734,2117.710025,ESP32,TRUE
131,28.0,57.0,15,1,147.479,46.818,687.67806,2136.59775,ESP32,TRUE
132,28.0,57.0,12,1,1207.273,46.686,83.70545,2142.155433,ESP32,TRUE
133,28.0,57.0,12,1,1206.476,47.161,83.760168,2120.789804,ESP32,TRUE
134,28.0,57.0,12,1,1208.22,46.865,83.640527,2134.024679,ESP32,TRUE
135,28.0,57.0,11,1,2494.465,46.312,40.517401,2159.394927,ESP32,TRUE
136,28.0,57.0,5,1,1150.218,53.934,87.838524,1854.466804,ESP32,TRUE
137,28.0,57.0,12,1,1206.541,58.661,83.755703,1704.898417,ESP32,TRUE
138,28.0,57.0,11,1,2491.667,46.38,40.562418,2156.246249,ESP32,TRUE
139,28.0,57.0,16,1,903.759,48.352,111.836631,2068.27113,ESP32,TRUE
140,28.0,57.0,10,1,998.652,98.857,101.211419,1011.857591,ESP32,TRUE
141,28.0,57.0,11,1,2493.034,46.466,40.540412,2152.252557,ESP32,TRUE
142,28.0,57.0,13,1,4314.262,46.564,23.428083,2147.743911,ESP32,TRUE
143,28.0,57.0,17,1,2039.93,46.575,49.543768,2147.31859,ESP32,TRUE
144,28.0,57.0,6,1,4573.211,45.47,22.092015,2199.35233,ESP32,TRUE
145,28.0,57.0,10,1,981.588,46.619,102.952173,2145.174134,ESP32,TRUE
146,28.0,57.0,10,1,982.174,46.702,102.891391,2141.426885,ESP32,TRUE
147,28.0,57.0,9,1,455.277,46.045,221.955982,2171.897916,ESP32,TRUE
148,28.0,57.0,10,1,982.392,46.656,102.868797,2144.238329,ESP32,TRUE
149,28.0,57.0,6,1,4573.903,45.703,22.088707,2188.169017,ESP32,TRUE
150,28.0,57.0,7,1,3335.339,45.584,30.290141,2193.888954,ESP32,TRUE
151,28.0,57.0,18,1,2333.523,46.655,43.311845,2143.619971,ESP32,TRUE
152,28.0,57.0,5,1,1122.16,47.919,90.012335,2087.002972,ESP32,TRUE
153,28.0,57.0,14,1,305.141,46.992,332.448694,2128.227525,ESP32,TRUE
154,28.0,57.0,14,1,304.371,46.522,333.277755,2149.669414,ESP32,TRUE
155,28.0,57.0,13,1,4314.552,47.704,23.426525,2096.435145,ESP32,TRUE
156,28.0,57.0,9,1,454.26,45.769,222.447728,2185.008435,ESP32,TRUE
157,28.0,58.0,10,1,2805.539,46.803,36.02532,2136.826784,ESP32,TRUE
158,28.0,57.0,15,1,143.594,49.18,706.023348,2033.44767,ESP32,TRUE
159,28.0,57.0,11,1,2494.362,46.599,40.519056,2146.082433,ESP32,TRUE
160,28.0,57.0,8,1,176.544,45.737,573.280366,2187.172941,ESP32,TRUE
161,28.0,57.0,16,1,890.244,46.546,113.516419,2148.581225,ESP32,TRUE
162,28.0,58.0,13,1,3338.966,46.548,30.270664,2148.469637,ESP32,TRUE
163,28.0,58.0,10,1,2805.605,46.339,36.024481,2158.367886,ESP32,TRUE
164,28.0,58.0,8,1,1174.453,45.318,86.005139,2206.991837,ESP32,TRUE
165,28.0,58.0,9,1,4152.772,45.654,24.328206,2190.938339,ESP32,TRUE
166,28.0,58.0,5,1,1075.525,45.701,93.91419,2188.360613,ESP32,TRUE
167,28.0,58.0,19,1,4461.331,50.193,22.655696,1992.442711,ESP32,TRUE
168,28.0,58.0,6,1,3640.778,45.326,27.749005,2206.346368,ESP32,TRUE
169,28.0,58.0,9,1,4154.435,45.458,24.318567,2200.556936,ESP32,TRUE
170,28.0,57.0,16,1,893.563,48.134,113.099191,2077.646227,ESP32,TRUE
171,28.0,57.0,14,1,307.555,46.917,329.876439,2132.063383,ESP32,TRUE
172,28.0,57.0,18,1,2332.664,46.99,43.327625,2128.453332,ESP32,TRUE
173,28.0,57.0,8,1,176.52,45.973,573.357379,2175.464829,ESP32,TRUE
174,28.0,57.0,9,1,455.522,45.793,221.837846,2183.944219,ESP32,TRUE
175,28.0,57.0,15,1,144.453,46.519,701.882109,2149.862502,ESP32,TRUE
176,28.0,57.0,10,1,979.963,46.828,103.121106,2135.587257,ESP32,TRUE
177,28.0,58.0,14,1,2536.777,46.654,39.841651,2143.644837,ESP32,TRUE
178,28.0,58.0,18,1,113.412,46.728,895.629822,2140.260887,ESP32,TRUE
179,28.0,58.0,17,1,681.901,46.832,148.228646,2135.764935,ESP32,TRUE
180,28.0,58.0,15,1,1253.868,47.067,80.596395,2124.742692,ESP32,TRUE
181,28.0,58.0,12,1,1148.249,47.132,88.006572,2121.966867,ESP32,TRUE
182,28.0,58.0,7,1,2410.254,45.518,41.914448,2197.120855,ESP32,TRUE
183,28.0,58.0,14,1,2538.73,46.554,39.811326,2148.187032,ESP32,TRUE
184,28.0,58.0,7,1,2410.97,45.79,41.902127,2184.489386,ESP32,TRUE
185,28.0,58.0,5,1,1075.775,45.745,93.892583,2186.169471,ESP32,TRUE
186,28.0,58.0,6,1,3642.081,46.133,27.739178,2167.751364,ESP32,TRUE
187,28.0,58.0,15,1,1256.55,63.092,80.426169,1585.116499,ESP32,TRUE
188,28.0,58.0,18,1,118.087,46.901,860.72218,2132.523289,ESP32,TRUE
189,28.0,58.0,15,1,1254.327,46.525,80.567211,2149.490049,ESP32,TRUE
190,28.0,57.0,19,1,5437.455,46.756,18.589359,2139.058371,ESP32,TRUE
191,28.0,57.0,13,1,4314.372,46.769,23.427492,2138.339958,ESP32,TRUE
192,28.0,57.0,15,1,147.916,46.84,685.674805,2135.142068,ESP32,TRUE
193,28.0,57.0,5,1,1123.675,46.399,89.892186,2155.332926,ESP32,TRUE
194,28.0,58.0,5,1,1076.909,48.833,93.794699,2048.006623,ESP32,TRUE
195,28.0,58.0,19,1,4460.573,52.753,22.659505,1896.4485,ESP32,TRUE
196,28.0,58.0,12,1,1152.939,46.404,87.652305,2155.509122,ESP32,TRUE
197,28.0,57.0,16,1,890.471,46.598,113.487784,2146.499832,ESP32,TRUE
198,28.0,57.0,14,1,306.876,46.375,330.595862,2156.456661,ESP32,TRUE
199,28.0,57.0,17,1,2042.774,48.839,49.475519,2047.673283,ESP32,TRUE
200,28.0,57.0,14,1,305.416,46.808,332.153613,2136.489922,ESP32,TRUE
201,28.0,57.0,15,1,144.675,46.713,700.819844,2140.898969,ESP32,TRUE
202,28.0,57.0,13,1,4313.847,46.946,23.430313,2130.861099,ESP32,TRUE
203,28.0,58.0,16,1,390.43,46.899,259.018057,2132.352079,ESP32,TRUE
204,28.0,58.0,17,1,680.202,46.659,148.594944,2143.598361,ESP32,TRUE
205,28.0,58.0,5,1,1076.163,46.348,93.859069,2157.754055,ESP32,TRUE
206,28.0,58.0,6,1,3642.699,49.145,27.73452,2034.921189,ESP32,TRUE
207,28.0,58.0,13,1,3339.236,46.633,30.268242,2144.529598,ESP32,TRUE
208,28.0,58.0,19,1,4459.96,46.442,22.662586,2153.480393,ESP32,TRUE
209,28.0,58.0,12,1,1148.812,46.893,87.963892,2132.793478,ESP32,TRUE
210,28.0,58.0,8,1,1177.836,53.061,85.760581,1884.729708,ESP32,TRUE
211,28.0,58.0,12,1,1150.139,46.749,87.86346,2139.201365,ESP32,TRUE
212,28.0,58.0,10,1,2804.036,46.727,36.044425,2140.214769,ESP32,TRUE
213,28.0,58.0,10,1,2804.701,47.446,36.035969,2107.78411,ESP32,TRUE
214,28.0,58.0,7,1,2410.908,45.806,41.903193,2183.22126,ESP32,TRUE
215,28.0,58.0,11,1,768.128,47.428,131.575535,2108.565148,ESP32,TRUE
216,28.0,57.0,8,1,176.413,46.401,573.700984,2155.37517,ESP32,TRUE
217,28.0,57.0,12,1,1206.869,50.991,83.733178,1961.269839,ESP32,TRUE
218,28.0,57.0,6,1,4571.387,45.774,22.10074,2184.846402,ESP32,TRUE
219,28.0,57.0,5,1,1121.643,46.121,90.05341,2168.327729,ESP32,TRUE
220,28.0,57.0,15,1,145.761,46.782,695.669989,2137.731326,ESP32,TRUE
221,28.0,57.0,13,1,4314.881,48.674,23.424758,2055.038968,ESP32,TRUE
222,28.0,57.0,10,1,982.683,49.591,102.838654,2016.676861,ESP32,TRUE
223,28.0,57.0,11,1,2494.615,47.059,40.51499,2125.18101,ESP32,TRUE
224,28.0,58.0,17,1,680.833,46.891,148.45869,2132.730124,ESP32,TRUE
225,28.0,58.0,9,1,4152.257,46.489,24.331193,2151.799508,ESP32,TRUE
226,28.0,58.0,9,1,4154.765,46.408,24.316655,2154.929708,ESP32,TRUE
227,28.0,58.0,11,1,768.223,46.845,131.559436,2135.074509,ESP32,TRUE
228,28.0,58.0,11,1,766.789,50.869,131.802872,1966.010094,ESP32,TRUE
229,28.0,58.0,6,1,3642.956,48.95,27.732584,2043.821743,ESP32,TRUE
230,28.0,58.0,12,1,1148.807,46.718,87.964271,2140.816281,ESP32,TRUE
231,28.0,58.0,10,1,2805.495,46.647,36.025879,2143.917952,ESP32,TRUE
232,28.0,58.0,19,1,4460.434,46.741,22.660204,2140.096565,ESP32,TRUE
233,28.0,58.0,9,1,4153.205,45.572,24.325696,2194.442641,ESP32,TRUE
234,28.0,58.0,10,1,2805.718,47.145,36.023046,2121.584981,ESP32,TRUE
235,28.0,58.0,14,1,2540.304,49.786,39.78692,2008.717538,ESP32,TRUE
236,28.0,58.0,12,1,1149.528,46.609,87.909674,2145.673983,ESP32,TRUE
237,28.0,58.0,5,1,1076.55,45.796,93.825665,2183.737384,ESP32,TRUE
238,28.0,57.0,18,1,2332.54,46.765,43.329904,2138.471448,ESP32,TRUE
239,28.0,57.0,19,1,5434.807,46.833,18.598319,2135.415076,ESP32,TRUE
240,28.0,57.0,10,1,983.582,51.841,102.745642,1929.0802,ESP32,TRUE
241,28.0,57.0,15,1,142.414,46.574,711.793577,2147.264758,ESP32,TRUE
242,28.0,57.0,5,1,1124.073,46.65,89.860677,2143.7407,ESP32,TRUE
243,28.0,57.0,11,1,2492.728,47.686,40.545336,2097.186363,ESP32,TRUE
244,28.0,57.0,8,1,176.374,47.074,573.826326,2124.428148,ESP32,TRUE
245,28.0,57.0,12,1,1206.544,46.8,83.755497,2137.081101,ESP32,TRUE
246,28.0,57.0,16,1,892.275,47.292,113.260736,2114.624293,ESP32,TRUE
247,28.0,57.0,18,1,2331.613,47.331,43.346949,2112.923635,ESP32,TRUE
248,28.0,57.0,14,1,307.072,46.906,330.387867,2132.200978,ESP32,TRUE
249,28.0,57.0,11,1,2496.419,46.809,40.486022,2136.452685,ESP32,TRUE
250,28.0,57.0,14,1,308.28,47.146,329.111777,2121.326682,ESP32,TRUE
251,28.0,57.0,13,1,4315.442,47.171,23.421745,2120.115995,ESP32,TRUE
252,28.0,57.0,8,1,177.752,47.459,569.430909,2107.356112,ESP32,TRUE
253,28.0,57.0,7,1,3338.147,45.733,30.264921,2186.832401,ESP32,TRUE
254,28.0,57.0,11,1,2495.136,49.349,40.50662,2026.682928,ESP32,TRUE
255,28.0,58.0,14,1,2538.781,46.664,39.810535,2143.103387,ESP32,TRUE
256,28.0,58.0,8,1,1176.44,45.912,85.861328,2178.187028,ESP32,TRUE
257,28.0,58.0,16,1,391.268,46.613,258.469494,2145.512958,ESP32,TRUE
258,28.0,58.0,11,1,766.973,47.257,131.771585,2116.318262,ESP32,TRUE
259,28.0,58.0,9,1,4154.229,49.355,24.319761,2026.400899,ESP32,TRUE
260,28.0,58.0,19,1,4459.71,46.763,22.663843,2138.547487,ESP32,TRUE
261,28.0,57.0,15,1,146.139,46.893,693.895455,2132.625283,ESP32,TRUE
262,28.0,57.0,19,1,5437.886,46.785,18.587901,2137.537618,ESP32,TRUE
263,28.0,57.0,5,1,1124.504,45.597,89.826579,2193.532106,ESP32,TRUE
264,28.0,57.0,9,1,456.911,45.731,221.170484,2187.079719,ESP32,TRUE
265,28.0,57.0,18,1,2331.576,46.64,43.34763,2144.547246,ESP32,TRUE
266,28.0,57.0,9,1,455.397,46.504,221.898103,2150.47727,ESP32,TRUE
267,28.0,57.0,15,1,146.526,46.735,692.088156,2140.467486,ESP32,TRUE
268,28.0,57.0,17,1,2041.973,49.245,49.494722,2031.223879,ESP32,TRUE
269,28.0,57.0,5,1,1130.214,50.18,89.377302,1992.93262,ESP32,TRUE
270,28.0,57.0,17,1,2043.937,46.962,49.447665,2129.772146,ESP32,TRUE
271,28.0,57.0,5,1,1122.029,45.661,90.022739,2190.234748,ESP32,TRUE
272,28.0,57.0,10,1,980.176,46.604,103.098931,2145.870853,ESP32,TRUE
273,28.0,57.0,16,1,893.256,46.733,113.137654,2140.14494,ESP32,TRUE
274,28.0,57.0,19,1,5434.814,46.749,18.598296,2139.195365,ESP32,TRUE
275,28.0,57.0,17,1,2041.549,49.183,49.504893,2033.381351,ESP32,TRUE
276,28.0,57.0,8,1,178.008,46.723,568.621839,2140.422887,ESP32,TRUE
277,28.0,57.0,14,1,307.409,46.843,330.030863,2135.398228,ESP32,TRUE
278,28.0,57.0,10,1,980.627,46.838,103.05201,2135.220573,ESP32,TRUE
279,28.0,57.0,5,1,1121.452,45.643,90.068594,2191.03298,ESP32,TRUE
280,28.0,57.0,6,1,4572.534,47.466,22.095252,2106.91865,ESP32,TRUE
281,28.0,57.0,7,1,3338.896,45.583,30.258201,2193.929683,ESP32,TRUE
282,28.0,57.0,9,1,458.143,45.83,220.581942,2182.121894,ESP32,TRUE
283,28.0,57.0,17,1,2043.464,46.907,49.45899,2131.985938,ESP32,TRUE
284,28.0,57.0,19,1,5435.193,46.755,18.597013,2139.31375,ESP32,TRUE
285,28.0,57.0,16,1,891.097,47.883,113.408893,2088.637467,ESP32,TRUE
286,28.0,57.0,18,1,2333.301,47.049,43.315922,2125.604343,ESP32,TRUE
287,28.0,57.0,5,1,1124.154,45.962,89.854266,2175.864043,ESP32,TRUE
288,28.0,57.0,13,1,4348.875,49.061,23.243601,2038.627572,ESP32,TRUE
289,28.0,57.0,19,1,5434.034,46.66,18.600937,2143.568507,ESP32,TRUE
290,28.0,57.0,14,1,305.143,46.813,332.446546,2136.516681,ESP32,TRUE
291,28.0,57.0,9,1,455.38,45.787,221.906301,2184.434049,ESP32,TRUE
292,28.0,57.0,8,1,179.508,45.627,563.92757,2191.815222,ESP32,TRUE
293,28.0,57.0,18,1,2332.652,46.755,43.327846,2139.217864,ESP32,TRUE
294,28.0,57.0,7,1,3338.197,45.826,30.264472,2182.308663,ESP32,TRUE
295,28.0,57.0,17,1,2042.22,47.051,49.488799,2125.581922,ESP32,TRUE
296,28.0,57.0,13,1,4313.617,49.179,23.431549,2033.779028,ESP32,TRUE
297,28.0,57.0,7,1,3338.177,45.689,30.264652,2188.890148,ESP32,TRUE
298,28.0,57.0,5,1,1122.298,45.64,90.001377,2191.258782,ESP32,TRUE
299,28.0,57.0,11,1,2495.313,48.126,40.503777,2077.995619,ESP32,TRUE
300,28.0,57.0,13,1,4315.472,47.024,23.421584,2126.693904,ESP32,TRUE
301,28.0,57.0,9,1,455.384,45.618,221.904372,2192.232139,ESP32,TRUE
302,28.0,57.0,15,1,145.287,47.63,697.908248,2099.711677,ESP32,TRUE
303,28.0,57.0,16,1,891.983,53.687,113.297424,1862.818276,ESP32,TRUE
304,28.0,57.0,5,1,1124.489,45.842,89.827765,2181.972927,ESP32,TRUE
305,28.0,57.0,14,1,305.205,46.716,332.379973,2140.697617,ESP32,TRUE
306,28.0,57.0,10,1,982.395,48.773,102.868486,2050.443701,ESP32,TRUE
307,28.0,57.0,5,1,1121.568,45.651,90.059372,2190.952351,ESP32,TRUE
308,28.0,57.0,6,1,4570.7,45.68,22.104028,2189.318241,ESP32,TRUE
309,28.0,57.0,13,1,4315.126,46.479,23.423442,2151.635769,ESP32,TRUE
310,28.0,57.0,5,1,1123.836,45.592,89.879437,2193.760659,ESP32,TRUE
311,28.0,57.0,8,1,179.003,45.673,565.499189,2189.630925,ESP32,TRUE
312,28.0,57.0,7,1,3335.84,45.63,30.285639,2191.721332,ESP32,TRUE
313,28.0,57.0,16,1,891.801,49.005,113.320304,2040.713198,ESP32,TRUE
314,28.0,57.0,13,1,4312.884,46.885,23.435489,2133.180904,ESP32,TRUE
315,28.0,57.0,11,1,2493.247,50.981,40.536985,1961.743815,ESP32,TRUE
316,28.0,57.0,7,1,3336.989,46.433,30.275317,2154.401779,ESP32,TRUE
317,28.0,57.0,6,1,4573.373,45.634,22.09124,2191.466202,ESP32,TRUE
318,28.0,57.0,13,1,4316.978,49.973,23.413501,2001.781365,ESP32,TRUE
319,28.0,57.0,14,1,304.565,46.552,333.06848,2148.319462,ESP32,TRUE
320,28.0,57.0,14,1,307.343,46.656,330.100719,2143.579462,ESP32,TRUE
321,28.0,57.0,17,1,2040.107,48.788,49.539515,2049.846283,ESP32,TRUE
322,28.0,57.0,13,1,4313.295,46.587,23.43328,2146.86125,ESP32,TRUE
323,28.0,58.0,16,1,387.994,46.869,260.626143,2134.012459,ESP32,TRUE
324,28.0,58.0,15,1,1255.254,46.998,80.508335,2127.951951,ESP32,TRUE
325,28.0,58.0,12,1,1149.176,47.204,87.93632,2118.715181,ESP32,TRUE
326,28.0,58.0,18,1,115.231,46.874,881.71094,2133.501571,ESP32,TRUE
327,28.0,58.0,7,1,2409.096,45.906,41.934391,2178.578721,ESP32,TRUE
328,28.0,58.0,11,1,768.172,46.9,131.568078,2132.500874,ESP32,TRUE
329,28.0,58.0,13,1,3336.821,46.598,30.289916,2146.194398,ESP32,TRUE
330,28.0,58.0,14,1,2538.971,46.738,39.807587,2139.687531,ESP32,TRUE
331,28.0,58.0,8,1,1176.31,45.574,85.870722,2194.411565,ESP32,TRUE
332,28.0,57.0,17,1,2040.717,46.443,49.524863,2153.417124,ESP32,TRUE
333,28.0,57.0,9,1,454.009,45.546,222.569432,2195.735691,ESP32,TRUE
334,28.0,57.0,8,1,177.084,45.626,571.553091,2191.847856,ESP32,TRUE
335,28.0,58.0,5,1,1073.628,45.639,94.078474,2191.512702,ESP32,TRUE
336,28.0,58.0,9,1,4155.061,46.013,24.31494,2173.902367,ESP32,TRUE
337,28.0,58.0,10,1,2806.231,46.734,36.01653,2140.505071,ESP32,TRUE
338,28.0,58.0,15,1,1253.671,46.734,80.608928,2139.887573,ESP32,TRUE
339,28.0,58.0,17,1,679.961,47.32,148.647051,2113.474607,ESP32,TRUE
340,28.0,58.0,10,1,2806.639,46.865,36.01135,2134.034561,ESP32,TRUE
341,28.0,58.0,15,1,1254.47,46.426,80.558123,2154.124148,ESP32,TRUE
342,28.0,58.0,5,1,1076.356,45.819,93.842407,2182.63555,ESP32,TRUE
343,28.0,58.0,11,1,767.161,46.984,131.739634,2128.625463,ESP32,TRUE
344,28.0,58.0,12,1,1174.773,46.488,86.040275,2151.309501,ESP32,TRUE
345,28.0,58.0,13,1,3337.388,46.65,30.284824,2143.777753,ESP32,TRUE
346,28.0,58.0,5,1,1074.321,45.748,94.018391,2186.79127,ESP32,TRUE
347,28.0,58.0,6,1,3642.564,45.819,27.735538,2182.626174,ESP32,TRUE
348,28.0,58.0,15,1,1254.57,46.739,80.551769,2139.65513,ESP32,TRUE
349,28.0,58.0,17,1,681.49,46.665,148.317089,2143.120186,ESP32,TRUE
350,28.0,58.0,13,1,3336.675,46.844,30.291227,2134.930617,ESP32,TRUE
351,28.0,58.0,19,1,4457.872,46.714,22.673088,2141.008684,ESP32,TRUE
352,28.0,57.0,13,1,4312.348,47.04,23.438371,2125.958367,ESP32,TRUE
353,28.0,57.0,10,1,980.326,46.378,103.083321,2156.512828,ESP32,TRUE
354,28.0,57.0,14,1,307.432,46.352,330.006526,2157.807288,ESP32,TRUE
355,28.0,57.0,18,1,2333.703,46.877,43.308539,2133.444468,ESP32,TRUE
356,28.0,57.0,17,1,2039.431,46.457,49.555762,2152.840074,ESP32,TRUE
357,28.0,57.0,5,1,1149.146,58.123,87.919627,1720.667635,ESP32,TRUE
358,28.0,57.0,14,1,307.967,47.745,329.441458,2094.918881,ESP32,TRUE
359,28.0,57.0,15,1,143.147,46.5,708.197996,2150.699513,ESP32,TRUE
360,28.0,57.0,13,1,4312.72,47.399,23.436371,2109.989257,ESP32,TRUE
361,28.0,57.0,17,1,2040.246,46.804,49.536175,2137.074076,ESP32,TRUE
362,28.0,57.0,12,1,1208.602,46.472,83.614367,2152.332626,ESP32,TRUE
363,28.0,57.0,18,1,2330.402,46.583,43.369237,2146.983131,ESP32,TRUE
364,28.0,57.0,9,1,456.439,45.798,221.396807,2183.620963,ESP32,TRUE
365,28.0,57.0,17,1,2041.358,46.714,49.509476,2141.014618,ESP32,TRUE
366,28.0,57.0,17,1,2040.01,46.519,49.541845,2150.08977,ESP32,TRUE
367,28.0,57.0,19,1,5437.251,47.061,18.590049,2125.114138,ESP32,TRUE
368,28.0,57.0,5,1,1121.246,45.334,90.084977,2205.971033,ESP32,TRUE
369,28.0,57.0,8,1,179.496,45.443,563.964813,2200.682474,ESP32,TRUE
370,28.0,57.0,8,1,175.811,45.579,575.641958,2194.328655,ESP32,TRUE
371,28.0,57.0,8,1,176.225,45.704,574.305711,2188.130511,ESP32,TRUE
372,28.0,57.0,8,1,177.718,45.651,569.538539,2191.148297,ESP32,TRUE
373,28.0,57.0,15,1,145.873,46.599,695.143242,2146.364535,ESP32,TRUE
374,28.0,57.0,13,1,4314.708,46.668,23.425687,2142.907945,ESP32,TRUE
375,28.0,57.0,9,1,458.014,45.624,220.643418,2192.204814,ESP32,TRUE
376,28.0,57.0,11,1,2494.274,46.98,40.520471,2128.710565,ESP32,TRUE
377,28.0,57.0,10,1,982.207,47.229,102.88797,2117.749841,ESP32,TRUE
378,28.0,57.0,19,1,5439.238,47.059,18.58333,2125.12352,ESP32,TRUE
379,28.0,57.0,17,1,2040.41,48.379,49.532236,2067.12993,ESP32,TRUE
380,28.0,57.0,8,1,179.137,45.668,565.081302,2190.152078,ESP32,TRUE
381,28.0,57.0,18,1,2333.703,46.722,43.308539,2140.423029,ESP32,TRUE
382,28.0,57.0,17,1,2040.243,46.489,49.536247,2151.146958,ESP32,TRUE
383,28.0,57.0,15,1,144.732,46.586,700.547626,2146.718144,ESP32,TRUE
384,28.0,57.0,5,1,1124.756,45.448,89.806655,2200.509497,ESP32,TRUE
385,28.0,57.0,11,1,2492.455,46.757,40.54973,2139.309279,ESP32,TRUE
386,28.0,57.0,15,1,145.418,46.863,697.288198,2134.346907,ESP32,TRUE
387,28.0,57.0,18,1,2335.19,47.988,43.281253,2084.011815,ESP32,TRUE
388,28.0,57.0,10,1,980.98,46.725,103.015315,2140.430621,ESP32,TRUE
389,28.0,57.0,15,1,144.076,47.704,703.693546,2096.567603,ESP32,TRUE
390,28.0,57.0,8,1,175.829,45.413,575.58373,2202.12174,ESP32,TRUE
391,28.0,57.0,13,1,4313.544,46.613,23.431942,2145.459559,ESP32,TRUE
392,28.0,57.0,13,1,4313.171,46.879,23.433946,2133.293669,ESP32,TRUE
393,28.0,57.0,16,1,891.891,46.62,113.308988,2145.296972,ESP32,TRUE
394,28.0,57.0,15,1,144.23,46.444,702.952451,2153.414512,ESP32,TRUE
395,28.0,57.0,9,1,457.264,45.411,221.001527,2202.242788,ESP32,TRUE
396,28.0,57.0,10,1,979.659,46.457,103.152772,2152.725512,ESP32,TRUE
397,28.0,57.0,9,1,457.392,45.52,220.940327,2197.088076,ESP32,TRUE
398,28.0,57.0,7,1,3337.525,45.692,30.270504,2189.004389,ESP32,TRUE
399,28.0,57.0,9,1,457.067,45.512,221.095786,2197.343972,ESP32,TRUE
400,28.0,57.0,9,1,454.669,45.647,222.249701,2190.839118,ESP32,TRUE
401,28.0,57.0,12,1,1208.573,46.683,83.616352,2142.470396,ESP32,TRUE
402,28.0,57.0,19,1,5436.032,46.856,18.594173,2134.311964,ESP32,TRUE
403,28.0,57.0,16,1,890.339,46.698,113.504433,2141.600477,ESP32,TRUE
404,28.0,57.0,5,1,1123.148,45.525,89.933944,2196.939289,ESP32,TRUE
405,28.0,57.0,9,1,453.76,45.589,222.690299,2193.734082,ESP32,TRUE
406,28.0,57.0,18,1,2330.323,46.532,43.370691,2149.190216,ESP32,TRUE
407,28.0,57.0,15,1,144.546,46.829,701.436709,2135.719781,ESP32,TRUE
408,28.0,57.0,5,1,1124.114,47.464,89.857432,2107.15998,ESP32,TRUE
409,28.0,57.0,18,1,2332.71,46.605,43.32678,2145.840573,ESP32,TRUE
410,28.0,57.0,10,1,979.125,46.707,103.208443,2141.562891,ESP32,TRUE
411,28.0,57.0,6,1,4572.321,45.644,22.096271,2191.075897,ESP32,TRUE
412,28.0,57.0,14,1,307.072,47.906,330.387867,2087.788726,ESP32,TRUE
413,28.0,57.0,13,1,4315.517,46.67,23.421343,2142.830006,ESP32,TRUE
414,28.0,57.0,11,1,2495.874,46.812,40.494769,2136.315788,ESP32,TRUE
415,28.0,57.0,19,1,5434.342,47.018,18.599894,2127.06822,ESP32,TRUE
416,28.0,57.0,5,1,1121.844,45.415,90.037436,2202.507746,ESP32,TRUE
417,28.0,57.0,6,1,4571.012,45.598,22.102534,2193.200608,ESP32,TRUE
418,28.0,57.0,16,1,890.837,46.66,113.441645,2143.336997,ESP32,TRUE
419,28.0,57.0,14,1,307.439,46.624,329.99912,2145.186183,ESP32,TRUE
420,28.0,57.0,14,1,304.648,46.613,332.979026,2145.458957,ESP32,TRUE
421,28.0,57.0,13,1,4315.845,47.959,23.419582,2085.540822,ESP32,TRUE
422,28.0,57.0,11,1,2494.945,46.862,40.509688,2134.101582,ESP32,TRUE
423,28.0,57.0,11,1,2493.919,46.645,40.526178,2144.118899,ESP32,TRUE
424,28.0,57.0,14,1,306.153,46.666,331.365412,2143.094463,ESP32,TRUE
425,28.0,57.0,10,1,982.468,47.701,102.860923,2096.719776,ESP32,TRUE
426,28.0,57.0,13,1,4314.365,46.644,23.42753,2144.190702,ESP32,TRUE
427,28.0,57.0,11,1,2493.471,47.208,40.533382,2118.402284,ESP32,TRUE
428,28.0,57.0,10,1,980.24,46.57,103.09227,2147.463497,ESP32,TRUE
429,28.0,57.0,13,1,4315.356,51.029,23.422207,1959.869048,ESP32,TRUE
430,28.0,57.0,11,1,2492.775,46.974,40.544579,2129.03429,ESP32,TRUE
431,28.0,57.0,11,1,2493.287,47.078,40.536341,2124.27382,ESP32,TRUE
432,28.0,57.0,10,1,982.746,46.612,102.83213,2146.22794,ESP32,TRUE
433,28.0,57.0,5,1,1124.105,46.768,89.858144,2138.436842,ESP32,TRUE
434,28.0,57.0,18,1,2330.925,46.775,43.359608,2137.99651,ESP32,TRUE
435,28.0,57.0,19,1,5437.396,46.536,18.589558,2149.139114,ESP32,TRUE
436,28.0,57.0,19,1,5437.895,46.892,18.587871,2132.94604,ESP32,TRUE
437,28.0,57.0,8,1,181.205,45.586,558.710486,2193.92956,ESP32,TRUE
438,28.0,57.0,10,1,982.627,46.863,102.844453,2134.025859,ESP32,TRUE
439,28.0,57.0,10,1,982.392,46.968,102.868797,2129.233252,ESP32,TRUE
440,28.0,57.0,7,1,3338.954,46.232,30.257681,2163.167283,ESP32,TRUE
441,28.0,57.0,8,1,177.862,46.727,569.082976,2140.201289,ESP32,TRUE
442,28.0,57.0,18,1,2335.494,46.916,43.275679,2131.602677,ESP32,TRUE
443,28.0,57.0,7,1,3337.179,45.895,30.27361,2179.00071,ESP32,TRUE
444,28.0,57.0,18,1,2330.698,47.751,43.363787,2094.312585,ESP32,TRUE
445,28.0,57.0,5,1,1122.942,45.671,89.950277,2189.94377,ESP32,TRUE
446,28.0,57.0,14,1,308.033,46.93,329.371885,2131.358377,ESP32,TRUE
447,28.0,57.0,5,1,1123.949,46.07,89.870491,2170.711291,ESP32,TRUE
448,28.0,57.0,12,1,1206.571,46.461,83.753642,2153.280048,ESP32,TRUE
449,28.0,57.0,6,1,4575.635,46.699,22.080431,2141.69095,ESP32,TRUE
450,28.0,57.0,5,1,1123.78,45.401,89.883871,2202.724638,ESP32,TRUE
451,28.0,57.0,11,1,2493.466,46.352,40.533462,2157.535146,ESP32,TRUE
452,28.0,57.0,10,1,980.263,47.121,103.089877,2122.317388,ESP32,TRUE
453,28.0,57.0,13,1,4314.735,46.937,23.425542,2130.830153,ESP32,TRUE
454,28.0,57.0,8,1,176.158,45.942,574.521538,2176.789497,ESP32,TRUE
455,28.0,57.0,10,1,979.611,46.732,103.157774,2139.968702,ESP32,TRUE
456,28.0,57.0,10,1,981.662,59.475,102.944494,1681.500322,ESP32,TRUE
457,28.0,57.0,7,1,3338.709,45.97,30.259878,2175.535008,ESP32,TRUE
458,28.0,57.0,13,1,4314.479,47.931,23.426918,2086.723075,ESP32,TRUE
459,28.0,57.0,7,1,3336.521,45.731,30.27952,2186.850388,ESP32,TRUE
460,28.0,57.0,7,1,3338.301,45.734,30.263539,2186.678038,ESP32,TRUE
461,28.0,57.0,11,1,2494.708,46.503,40.513496,2150.521747,ESP32,TRUE
462,28.0,57.0,10,1,979.66,46.474,103.152668,2151.93125,ESP32,TRUE
463,28.0,57.0,10,1,982.693,48.067,102.837618,2080.629693,ESP32,TRUE
464,28.0,57.0,19,1,5436.336,46.908,18.593144,2132.038897,ESP32,TRUE
465,28.0,57.0,17,1,2041.147,46.682,49.51454,2142.308487,ESP32,TRUE
466,28.0,57.0,16,1,894.121,46.755,113.02935,2139.538092,ESP32,TRUE
467,28.0,57.0,17,1,2042.815,46.476,49.474537,2151.75518,ESP32,TRUE
468,28.0,57.0,19,1,5437.289,46.727,18.58992,2140.340512,ESP32,TRUE
469,28.0,57.0,10,1,982.587,46.807,102.848596,2136.53278,ESP32,TRUE
470,28.0,57.0,16,1,890.654,46.6,113.46471,2146.033233,ESP32,TRUE
471,28.0,57.0,17,1,2041.125,46.528,49.515068,2149.885744,ESP32,TRUE
472,28.0,57.0,13,1,4314.803,47.4,23.425177,2110.04972,ESP32,TRUE
473,28.0,57.0,7,1,3336.884,45.664,30.27626,2190.071515,ESP32,TRUE
474,28.0,57.0,5,1,1121.064,45.444,90.099456,2200.624263,ESP32,TRUE
475,28.0,57.0,9,1,454.778,45.727,222.196986,2187.239247,ESP32,TRUE
476,28.0,57.0,10,1,979.509,47.258,103.168404,2116.241249,ESP32,TRUE
477,28.0,57.0,13,1,4315.065,46.986,23.42377,2128.521181,ESP32,TRUE
478,28.0,57.0,10,1,980.161,46.742,103.100493,2139.543293,ESP32,TRUE
479,28.0,57.0,6,1,4571.82,46.231,22.098668,2163.190506,ESP32,TRUE
480,28.0,57.0,19,1,5435.019,50.453,18.597602,1982.309379,ESP32,TRUE
481,28.0,57.0,9,1,455.437,45.623,221.878817,2192.088247,ESP32,TRUE
482,28.0,57.0,15,1,143.502,46.812,706.46982,2136.364685,ESP32,TRUE
483,28.0,57.0,9,1,455.4,46.281,221.896657,2160.854697,ESP32,TRUE
484,28.0,57.0,18,1,2334.062,46.489,43.301949,2151.357545,ESP32,TRUE
485,28.0,57.0,19,1,5437.48,46.507,18.589274,2150.342742,ESP32,TRUE
486,28.0,57.0,6,1,4571.36,45.75,22.100869,2186.201529,ESP32,TRUE
487,28.0,57.0,16,1,893.761,46.976,113.074399,2129.221213,ESP32,TRUE
488,28.0,57.0,9,1,454.493,45.476,222.334872,2199.086673,ESP32,TRUE
489,28.0,57.0,10,1,983.394,46.476,102.765079,2151.979628,ESP32,TRUE
490,28.0,57.0,8,1,176.561,46.639,573.225827,2144.249281,ESP32,TRUE
491,28.0,57.0,12,1,1209.596,46.884,83.546374,2133.05793,ESP32,TRUE
492,28.0,57.0,5,1,1122.62,45.439,89.97582,2201.000813,ESP32,TRUE
493,28.0,57.0,11,1,2494.891,48.3,40.510556,2070.54513,ESP32,TRUE
494,28.0,57.0,15,1,146.19,46.749,693.656736,2139.19661,ESP32,TRUE
495,28.0,57.0,7,1,3338.864,45.777,30.258488,2184.812082,ESP32,TRUE
496,28.0,57.0,17,1,2040.827,46.752,49.522222,2139.30131,ESP32,TRUE
497,28.0,57.0,9,1,455.852,45.889,221.678925,2179.364503,ESP32,TRUE
498,28.0,57.0,13,1,4315.02,46.751,23.424012,2139.514436,ESP32,TRUE
499,28.0,57.0,11,1,2495.4,47.04,40.50238,2125.983933,ESP32,TRUE
500,28.0,57.0,11,1,2495.328,46.826,40.503536,2135.711329,ESP32,TRUE
501,28.0,57.0,16,1,893.35,46.535,113.125874,2149.193407,ESP32,TRUE
502,28.0,57.0,16,1,890.449,46.722,113.490558,2140.441285,ESP32,TRUE
503,28.0,57.0,6,1,4573.353,45.626,22.091336,2192.03601,ESP32,TRUE
504,28.0,57.0,18,1,2331.998,46.514,43.339869,2150.024451,ESP32,TRUE
505,28.0,57.0,11,1,2495.114,46.606,40.506973,2146.195644,ESP32,TRUE
506,28.0,57.0,16,1,893.45,46.498,113.113345,2150.796426,ESP32,TRUE
507,28.0,57.0,5,1,1124.686,45.451,89.812188,2201.05502,ESP32,TRUE
508,28.0,57.0,5,1,1121.828,45.696,90.038708,2188.536474,ESP32,TRUE
509,28.0,57.0,15,1,146.18,46.723,693.703531,2140.598957,ESP32,TRUE
510,28.0,57.0,13,1,4314.121,46.55,23.428841,2148.386764,ESP32,TRUE
511,28.0,57.0,8,1,176.835,46.039,572.348246,2172.494535,ESP32,TRUE
512,28.0,57.0,7,1,3339.138,45.699,30.25603,2188.585684,ESP32,TRUE
513,28.0,57.0,15,1,145.392,46.855,697.411173,2134.537038,ESP32,TRUE
514,28.0,57.0,6,1,4573.05,47.385,22.092785,2110.955584,ESP32,TRUE
515,28.0,57.0,13,1,4315.021,47.932,23.424006,2087.006281,ESP32,TRUE
516,28.0,57.0,9,1,458.773,48.826,220.282204,2048.25755,ESP32,TRUE
517,28.0,57.0,18,1,2331.868,47.945,43.342259,2085.969239,ESP32,TRUE
518,28.0,57.0,12,1,1207.993,46.509,83.65608,2150.257233,ESP32,TRUE
519,28.0,57.0,12,1,1207.774,46.48,83.67109,2152.248551,ESP32,TRUE
520,28.0,57.0,10,1,982.92,46.729,102.814117,2140.432193,ESP32,TRUE
521,28.0,57.0,16,1,892.523,46.486,113.229595,2151.421726,ESP32,TRUE
522,28.0,57.0,12,1,1209.946,46.742,83.52246,2139.544035,ESP32,TRUE
523,28.0,57.0,16,1,892.514,46.561,113.230724,2147.865618,ESP32,TRUE
524,28.0,57.0,16,1,890.712,46.718,113.457399,2140.872153,ESP32,TRUE
525,28.0,57.0,15,1,144.682,46.412,700.786402,2154.726469,ESP32,TRUE
526,28.0,57.0,14,1,306.201,46.382,331.314209,2156.119344,ESP32,TRUE
527,28.0,57.0,16,1,891.363,47.487,113.375404,2106.059775,ESP32,TRUE
528,28.0,57.0,12,1,1208.981,46.456,83.588429,2152.734622,ESP32,TRUE
529,28.0,57.0,6,1,4573.685,45.628,22.089749,2191.829927,ESP32,TRUE
530,28.0,57.0,18,1,2333.647,47.16,43.309568,2120.673736,ESP32,TRUE
531,28.0,57.0,14,1,308.171,47.064,329.22651,2124.88192,ESP32,TRUE
532,28.0,57.0,8,1,177.12,45.91,571.438314,2178.290955,ESP32,TRUE
533,28.0,57.0,6,1,4571.86,45.665,22.098476,2189.98144,ESP32,TRUE
534,28.0,57.0,11,1,2493.949,46.804,40.525695,2136.747036,ESP32,TRUE
535,28.0,57.0,10,1,979.701,47.65,103.148396,2098.886776,ESP32,TRUE
536,28.0,57.0,15,1,143.716,46.836,705.43217,2135.263727,ESP32,TRUE
537,28.0,57.0,6,1,4574.012,47.738,22.088186,2095.06341,ESP32,TRUE
538,28.0,57.0,10,1,979.084,46.604,103.21272,2146.491586,ESP32,TRUE
539,28.0,57.0,8,1,177.526,45.483,570.147105,2199.052673,ESP32,TRUE
540,28.0,57.0,6,1,4571.157,46.314,22.10184,2159.395003,ESP32,TRUE
541,28.0,57.0,5,1,1123.827,45.495,89.88015,2198.690168,ESP32,TRUE
542,28.0,57.0,11,1,2492.469,46.563,40.549504,2147.738772,ESP32,TRUE
543,28.0,57.0,9,1,457.186,45.738,221.038838,2186.491484,ESP32,TRUE
544,28.0,57.0,10,1,982.595,46.456,102.847767,2152.756577,ESP32,TRUE
545,28.0,57.0,17,1,2042.81,46.47,49.474657,2152.084488,ESP32,TRUE
546,28.0,57.0,11,1,2493.712,46.769,40.529506,2138.8629,ESP32,TRUE
547,28.0,57.0,13,1,4316.518,46.944,23.415969,2131.01804,ESP32,TRUE
548,28.0,57.0,10,1,980.106,48.537,103.106218,2060.667207,ESP32,TRUE
549,28.0,57.0,9,1,456.563,45.408,221.337304,2202.374454,ESP32,TRUE
550,28.0,57.0,7,1,3337.358,45.99,30.272003,2174.951687,ESP32,TRUE
551,28.0,57.0,14,1,308.07,46.93,329.332895,2131.097368,ESP32,TRUE
552,28.0,57.0,16,1,892.304,46.41,113.257093,2155.051455,ESP32,TRUE
553,28.0,57.0,6,1,4574.425,45.752,22.086212,2185.870727,ESP32,TRUE
554,28.0,57.0,11,1,2495.668,47.993,40.498077,2084.317948,ESP32,TRUE
555,28.0,57.0,6,1,4570.672,45.847,22.104162,2181.427623,ESP32,TRUE
556,28.0,57.0,17,1,2039.375,46.852,49.557109,2134.524032,ESP32,TRUE
557,28.0,57.0,10,1,979.003,46.583,103.22117,2146.858633,ESP32,TRUE
558,28.0,57.0,9,1,455.758,45.585,221.72417,2193.914034,ESP32,TRUE
559,28.0,57.0,11,1,2493.12,47.981,40.539028,2084.294662,ESP32,TRUE
560,28.0,57.0,5,1,1122.19,45.57,90.009952,2194.617047,ESP32,TRUE
561,28.0,57.0,13,1,4313.621,46.866,23.431528,2134.234667,ESP32,TRUE
562,28.0,57.0,11,1,2494.526,46.65,40.51642,2143.724237,ESP32,TRUE
563,28.0,57.0,19,1,5436.176,46.543,18.593686,2148.748838,ESP32,TRUE
564,28.0,57.0,18,1,2334.33,46.799,43.29703,2136.98113,ESP32,TRUE
565,28.0,57.0,18,1,2331.383,46.914,43.35118,2131.76443,ESP32,TRUE
566,28.0,57.0,9,1,455.668,46.098,221.767507,2169.415196,ESP32,TRUE
567,28.0,57.0,15,1,143.181,46.525,708.03211,2149.483463,ESP32,TRUE
568,28.0,57.0,7,1,3335.584,45.768,30.287939,2185.246297,ESP32,TRUE
569,28.0,57.0,14,1,307.745,46.616,329.675697,2145.643467,ESP32,TRUE
570,28.0,57.0,13,1,4314.875,46.577,23.42479,2147.19225,ESP32,TRUE
571,28.0,57.0,9,1,454.972,45.627,222.103226,2192.04603,ESP32,TRUE
572,28.0,57.0,5,1,1124.292,45.434,89.843348,2201.141317,ESP32,TRUE
573,28.0,57.0,8,1,179.106,45.501,565.177922,2197.917977,ESP32,TRUE
574,28.0,57.0,18,1,2333.732,46.838,43.308007,2135.131687,ESP32,TRUE
575,28.0,57.0,19,1,5436.178,46.812,18.593679,2136.552229,ESP32,TRUE
576,28.0,57.0,14,1,306.902,46.686,330.568255,2142.704519,ESP32,TRUE
577,28.0,57.0,7,1,3337.203,49.528,30.273395,2019.554991,ESP32,TRUE
578,28.0,57.0,5,1,1123.101,45.471,89.93767,2199.411282,ESP32,TRUE
579,28.0,57.0,9,1,459.002,45.383,220.173455,2203.687575,ESP32,TRUE
580,28.0,57.0,15,1,144.98,47.652,699.365731,2098.725753,ESP32,TRUE
581,28.0,57.0,16,1,893.482,46.576,113.109337,2147.157175,ESP32,TRUE
582,28.0,57.0,5,1,1122.83,45.444,89.95916,2200.767931,ESP32,TRUE
583,28.0,57.0,8,1,175.937,45.597,575.234609,2193.920402,ESP32,TRUE
584,28.0,57.0,13,1,4313.233,46.457,23.433613,2153.098935,ESP32,TRUE
585,28.0,57.0,5,1,1123.636,45.788,89.895275,2184.092847,ESP32,TRUE
586,28.0,57.0,6,1,4571.157,45.509,22.10184,2197.572905,ESP32,TRUE
587,28.0,57.0,17,1,2042.484,46.973,49.48247,2129.011227,ESP32,TRUE
588,28.0,57.0,14,1,307.306,48.722,330.139894,2052.635889,ESP32,TRUE
589,28.0,57.0,6,1,4571.783,46.322,22.098845,2158.938527,ESP32,TRUE
590,28.0,57.0,12,1,1208.142,47.458,83.64587,2107.336754,ESP32,TRUE
591,28.0,57.0,5,1,1122.509,46.465,89.984628,2152.290461,ESP32,TRUE
592,28.0,57.0,15,1,145.237,47.364,698.145203,2111.469238,ESP32,TRUE
593,28.0,57.0,5,1,1121.065,45.555,90.099377,2195.2544,ESP32,TRUE
594,28.0,57.0,5,1,1124.4,45.606,89.834804,2192.805625,ESP32,TRUE
595,28.0,57.0,7,1,3336.284,47.677,30.281649,2097.618974,ESP32,TRUE
596,28.0,57.0,10,1,982.409,46.514,102.867036,2150.87172,ESP32,TRUE
597,28.0,57.0,17,1,2040.735,46.866,49.524431,2133.921152,ESP32,TRUE
598,28.0,57.0,7,1,3337.797,45.569,30.268062,2194.91025,ESP32,TRUE
599,28.0,57.0,9,1,453.935,45.955,222.605338,2176.528409,ESP32,TRUE
600,28.0,57.0,17,1,2041.23,46.788,49.512548,2137.678249,ESP32,TRUE
601,28.0,57.0,5,1,1123.058,45.444,89.941079,2200.874431,ESP32,TRUE
602,28.0,57.0,8,1,177.518,45.464,570.17249,2199.649309,ESP32,TRUE
603,28.0,57.0,9,1,457.212,46.074,221.0264,2170.534437,ESP32,TRUE
604,28.0,57.0,14,1,309.438,46.651,327.897858,2143.727817,ESP32,TRUE
605,28.0,57.0,9,1,457.571,45.957,220.854799,2176.412644,ESP32,TRUE
606,28.0,57.0,9,1,454.478,45.667,222.342134,2190.590139,ESP32,TRUE
607,28.0,57.0,11,1,2493.797,46.792,40.528139,2137.448486,ESP32,TRUE
608,28.0,57.0,10,1,982.573,46.66,102.850046,2143.328038,ESP32,TRUE
609,28.0,57.0,19,1,5435.199,46.683,18.596992,2142.280852,ESP32,TRUE
610,28.0,57.0,18,1,2332.726,46.404,43.326486,2155.613614,ESP32,TRUE
611,28.0,57.0,13,1,4315.475,46.747,23.421568,2139.540083,ESP32,TRUE
612,28.0,57.0,5,1,1122.104,45.885,90.016782,2179.52356,ESP32,TRUE
613,28.0,57.0,14,1,307.873,46.459,329.540599,2152.568664,ESP32,TRUE
614,28.0,57.0,10,1,980.784,46.598,103.035686,2146.116501,ESP32,TRUE
615,28.0,57.0,12,1,1208.533,46.417,83.619091,2154.486317,ESP32,TRUE
616,28.0,57.0,16,1,893.046,47.351,113.163979,2112.022383,ESP32,TRUE
617,28.0,57.0,13,1,4314.881,46.669,23.424758,2142.882845,ESP32,TRUE
618,28.0,57.0,13,1,4316.301,46.997,23.417134,2127.899011,ESP32,TRUE
619,28.0,57.0,13,1,4319.776,46.835,23.398497,2135.279037,ESP32,TRUE
620,28.0,57.0,16,1,892.966,46.915,113.174011,2131.888423,ESP32,TRUE
621,28.0,57.0,6,1,4570.98,46.713,22.102687,2140.882749,ESP32,TRUE
622,28.0,57.0,19,1,5436.09,46.95,18.593977,2130.340231,ESP32,TRUE
623,28.0,57.0,6,1,4570.585,46.031,22.104578,2173.012081,ESP32,TRUE
624,28.0,57.0,7,1,3337.96,46.029,30.266599,2172.909174,ESP32,TRUE
625,28.0,57.0,18,1,2330.625,46.801,43.365131,2136.841666,ESP32,TRUE
626,28.0,57.0,9,1,454.072,45.848,222.538872,2181.220965,ESP32,TRUE
627,28.0,57.0,17,1,2040.963,46.906,49.518957,2132.179186,ESP32,TRUE
628,28.0,57.0,5,1,1124.515,45.92,89.825709,2178.099244,ESP32,TRUE
629,28.0,57.0,5,1,1126.712,45.495,89.652308,2198.203247,ESP32,TRUE
630,28.0,57.0,7,1,3336.197,45.677,30.282431,2189.560978,ESP32,TRUE
631,28.0,57.0,19,1,5435.876,46.82,18.594701,2136.209905,ESP32,TRUE
632,28.0,57.0,14,1,307.797,46.92,329.6208,2131.581521,ESP32,TRUE
633,28.0,57.0,19,1,5439.194,46.807,18.583479,2136.706275,ESP32,TRUE
634,28.0,57.0,14,1,305.22,47.473,332.363871,2106.630596,ESP32,TRUE
635,28.0,57.0,17,1,2042.548,46.608,49.480936,2145.9259,ESP32,TRUE
636,28.0,57.0,9,1,456.093,45.734,221.56301,2186.763503,ESP32,TRUE
637,28.0,57.0,10,1,980.176,46.559,103.098931,2148.365262,ESP32,TRUE
638,28.0,57.0,10,1,980.196,46.431,103.09685,2153.963872,ESP32,TRUE
639,28.0,57.0,11,1,2493.242,47.915,40.537065,2087.203499,ESP32,TRUE
640,28.0,57.0,11,1,2496.359,46.742,40.486985,2139.964405,ESP32,TRUE
641,28.0,57.0,15,1,144.889,46.695,699.79894,2141.68383,ESP32,TRUE
642,28.0,57.0,19,1,5437.706,46.733,18.58851,2139.940092,ESP32,TRUE
643,28.0,57.0,16,1,891.414,46.452,113.368985,2153.007194,ESP32,TRUE
644,28.0,57.0,8,1,176.269,45.727,574.164063,2187.046494,ESP32,TRUE
645,28.0,57.0,18,1,2331.295,47.331,43.3528,2112.89707,ESP32,TRUE
646,28.0,57.0,18,1,2333.348,46.655,43.315059,2143.501445,ESP32,TRUE
647,28.0,57.0,19,1,5438.722,46.848,18.585074,2134.691536,ESP32,TRUE
648,28.0,57.0,19,1,5436.446,47.004,18.592772,2127.583108,ESP32,TRUE
649,28.0,57.0,8,1,182.323,55.898,555.326487,1789.284799,ESP32,TRUE
650,28.0,57.0,19,1,5437.87,46.712,18.587955,2141.259243,ESP32,TRUE
651,28.0,57.0,15,1,144.655,47.814,700.91541,2091.5701,ESP32,TRUE
652,28.0,57.0,16,1,891.427,46.45,113.367349,2153.083381,ESP32,TRUE
653,28.0,57.0,7,1,3336.334,45.811,30.2812,2182.999754,ESP32,TRUE
654,28.0,57.0,19,1,5436.976,47.078,18.590979,2124.336488,ESP32,TRUE
655,28.0,57.0,15,1,143.472,46.579,706.615532,2146.991183,ESP32,TRUE
656,28.0,57.0,16,1,893.414,46.391,113.117855,2155.722503,ESP32,TRUE
657,28.0,57.0,9,1,456.7,45.724,221.2716,2187.550204,ESP32,TRUE
658,28.0,57.0,11,1,2494.43,46.67,40.517963,2143.296521,ESP32,TRUE
659,28.0,57.0,10,1,980.599,46.578,103.054922,2147.816622,ESP32,TRUE
660,28.0,57.0,18,1,2332.713,46.553,43.326725,2148.263169,ESP32,TRUE
661,28.0,57.0,7,1,3335.636,47.433,30.287472,2108.372872,ESP32,TRUE
662,28.0,57.0,17,1,2041.219,46.69,49.512812,2141.929672,ESP32,TRUE
663,28.0,57.0,6,1,4570.887,45.792,22.103132,2183.982965,ESP32,TRUE
664,28.0,57.0,9,1,457.016,45.589,221.120201,2193.821783,ESP32,TRUE
665,28.0,57.0,7,1,3338.275,45.857,30.263772,2181.179263,ESP32,TRUE
666,28.0,57.0,12,1,1209.203,46.631,83.573243,2144.775886,ESP32,TRUE
667,28.0,57.0,15,1,145.223,46.49,698.211579,2151.431819,ESP32,TRUE
668,28.0,57.0,19,1,5435.201,46.985,18.596986,2128.647867,ESP32,TRUE
669,28.0,57.0,15,1,142.629,46.74,710.735108,2139.837208,ESP32,TRUE
670,28.0,57.0,12,1,1206.895,48.101,83.731393,2079.242881,ESP32,TRUE
671,28.0,57.0,17,1,2042.334,46.444,49.486066,2153.271175,ESP32,TRUE
672,28.0,57.0,9,1,457.15,46.115,221.056063,2168.744803,ESP32,TRUE
673,28.0,57.0,17,1,2040.084,46.632,49.540067,2145.058817,ESP32,TRUE
674,28.0,57.0,11,1,2494.777,46.842,40.512387,2134.978718,ESP32,TRUE
675,28.0,57.0,13,1,4317.097,46.658,23.412862,2143.68108,ESP32,TRUE
676,28.0,57.0,12,1,1207.868,46.893,83.664647,2132.630071,ESP32,TRUE
677,28.0,57.0,19,1,5436.764,47.109,18.591696,2122.865426,ESP32,TRUE
678,28.0,57.0,14,1,305.922,48.072,331.612051,2080.589815,ESP32,TRUE
679,28.0,57.0,13,1,4316.048,46.674,23.418492,2143.210603,ESP32,TRUE
680,28.0,57.0,13,1,4313.171,46.752,23.433946,2139.061592,ESP32,TRUE
681,28.0,57.0,7,1,3338.318,45.903,30.263387,2179.26732,ESP32,TRUE
682,28.0,57.0,11,1,2494.967,47.042,40.509335,2125.947695,ESP32,TRUE
683,28.0,57.0,7,1,3337.975,45.868,30.266465,2180.421847,ESP32,TRUE
684,28.0,57.0,6,1,4572.993,45.765,22.093057,2185.571729,ESP32,TRUE
685,28.0,57.0,11,1,2494.309,46.731,40.519908,2140.393285,ESP32,TRUE
686,28.0,57.0,12,1,1207.672,46.601,83.678083,2146.005127,ESP32,TRUE
687,28.0,57.0,16,1,892.26,46.566,113.26262,2147.640221,ESP32,TRUE
688,28.0,57.0,15,1,144.993,46.668,699.303888,2142.940465,ESP32,TRUE
689,28.0,57.0,15,1,145.264,46.503,698.017227,2150.555951,ESP32,TRUE
690,28.0,57.0,14,1,305.045,47.599,332.551829,2101.487262,ESP32,TRUE
691,28.0,57.0,15,1,144.128,46.614,703.443129,2145.500278,ESP32,TRUE
692,28.0,57.0,6,1,4571.519,46.102,22.100108,2169.586862,ESP32,TRUE
693,28.0,57.0,17,1,2040.235,46.366,49.53644,2156.999477,ESP32,TRUE
694,28.0,57.0,18,1,2334.059,46.832,43.302004,2135.397194,ESP32,TRUE
695,28.0,57.0,7,1,3337.256,46.615,30.272919,2145.428701,ESP32,TRUE
696,28.0,57.0,7,1,3336.088,45.887,30.28341,2179.728151,ESP32,TRUE
697,28.0,57.0,9,1,455.011,45.932,222.084387,2177.357365,ESP32,TRUE
698,28.0,57.0,6,1,4571.808,45.578,22.098725,2194.472402,ESP32,TRUE
699,28.0,57.0,13,1,4315.822,46.845,23.419705,2134.863169,ESP32,TRUE
700,28.0,57.0,7,1,3341.695,47.011,30.233115,2127.91476,ESP32,TRUE
701,28.0,57.0,6,1,4573.835,46.006,22.089032,2173.94781,ESP32,TRUE
702,28.0,57.0,15,1,142.895,48.327,709.429969,2069.474708,ESP32,TRUE
703,28.0,57.0,13,1,4317.003,46.667,23.413366,2143.006267,ESP32,TRUE
704,28.0,57.0,19,1,5435.892,46.659,18.594647,2143.322936,ESP32,TRUE
705,28.0,57.0,19,1,5435.746,46.724,18.595141,2140.330065,ESP32,TRUE
706,28.0,57.0,9,1,454.988,45.527,222.095497,2196.716331,ESP32,TRUE
707,28.0,57.0,6,1,4571.897,45.794,22.098299,2184.191205,ESP32,TRUE
708,28.0,57.0,10,1,979.342,47.385,103.185813,2110.511481,ESP32,TRUE
709,28.0,57.0,6,1,4570.943,45.662,22.102864,2190.119656,ESP32,TRUE
710,28.0,57.0,8,1,176.918,45.904,572.082945,2178.573447,ESP32,TRUE
711,28.0,57.0,17,1,2040.112,46.975,49.539395,2128.892023,ESP32,TRUE
712,28.0,57.0,6,1,4573.297,45.386,22.091604,2203.445442,ESP32,TRUE
713,28.0,57.0,14,1,306.502,47.009,330.993488,2127.359804,ESP32,TRUE
714,28.0,57.0,10,1,979.754,48.181,103.142874,2075.646194,ESP32,TRUE
715,28.0,57.0,15,1,156.004,46.481,650.624625,2151.582447,ESP32,TRUE
716,28.0,57.0,8,1,184.692,45.337,548.291303,2205.873918,ESP32,TRUE
717,28.0,57.0,19,1,5435.643,46.374,18.59549,2156.501734,ESP32,TRUE
718,28.0,57.0,15,1,145.893,53.4,695.049266,1873.429611,ESP32,TRUE
719,28.0,57.0,8,1,193.467,49.104,523.733351,2036.686995,ESP32,TRUE
720,28.0,57.0,16,1,894.076,54.486,113.034979,1836.170686,ESP32,TRUE
721,28.0,57.0,6,1,4570.859,45.788,22.103266,2184.220485,ESP32,TRUE
722,28.0,57.0,12,1,1207.8,46.741,83.669308,2139.626496,ESP32,TRUE
723,28.0,57.0,16,1,894.463,46.46,112.986587,2152.501666,ESP32,TRUE
724,28.0,57.0,9,1,456.832,45.91,221.208332,2178.27548,ESP32,TRUE
725,28.0,57.0,6,1,4570.962,45.463,22.102773,2199.695479,ESP32,TRUE
726,28.0,57.0,19,1,5436.04,46.733,18.594146,2140.186066,ESP32,TRUE
727,28.0,57.0,10,1,981.143,46.793,102.998379,2137.314758,ESP32,TRUE
728,28.0,57.0,6,1,4572.895,48.118,22.093526,2078.356517,ESP32,TRUE
729,28.0,57.0,16,1,890.21,46.632,113.520709,2144.799948,ESP32,TRUE
730,28.0,57.0,7,1,3338.488,45.787,30.261861,2184.169188,ESP32,TRUE
731,28.0,57.0,8,1,178.003,47.124,568.637619,2122.172555,ESP32,TRUE
732,28.0,57.0,18,1,2333.003,48.142,43.321396,2077.381909,ESP32,TRUE
733,28.0,57.0,17,1,2039.742,46.901,49.548286,2132.274369,ESP32,TRUE
734,28.0,57.0,5,1,1121.933,45.393,90.030365,2203.33671,ESP32,TRUE
735,28.0,57.0,13,1,4316.563,46.973,23.415728,2128.992555,ESP32,TRUE
736,28.0,57.0,11,1,2495.769,46.855,40.496455,2134.509847,ESP32,TRUE
737,28.0,57.0,19,1,5435.152,46.948,18.597151,2130.497897,ESP32,TRUE
738,28.0,57.0,11,1,2493.652,48.075,40.530471,2080.277847,ESP32,TRUE
739,28.0,57.0,19,1,5436.216,46.858,18.59355,2134.270504,ESP32,TRUE
740,28.0,57.0,16,1,892.862,46.699,113.187055,2141.678646,ESP32,TRUE
741,28.0,57.0,9,1,455.083,45.431,222.049616,2201.445553,ESP32,TRUE
742,28.0,57.0,11,1,2494.087,47.667,40.523477,2097.993787,ESP32,TRUE
743,28.0,57.0,6,1,4572.505,45.655,22.095391,2190.954484,ESP32,TRUE
744,28.0,57.0,5,1,1122.53,45.413,89.982962,2202.298693,ESP32,TRUE
745,28.0,57.0,12,1,1205.939,46.403,83.797077,2155.213922,ESP32,TRUE
746,28.0,57.0,9,1,456.591,45.376,221.323872,2203.924269,ESP32,TRUE
747,28.0,57.0,10,1,980.154,46.727,103.101221,2141.076515,ESP32,TRUE
748,28.0,57.0,9,1,455.397,45.657,221.898103,2190.357618,ESP32,TRUE
749,28.0,57.0,8,1,178.346,45.631,567.557172,2191.593479,ESP32,TRUE
750,28.0,57.0,11,1,2493.26,48.244,40.536776,2073.521271,ESP32,TRUE
751,28.0,57.0,12,1,1208.194,46.516,83.642308,2150.014808,ESP32,TRUE
752,28.0,57.0,14,1,308.814,48.07,328.550859,2080.832064,ESP32,TRUE
753,28.0,57.0,19,1,5434.622,46.797,18.598946,2137.004216,ESP32,TRUE
754,28.0,57.0,7,1,3338.737,45.733,30.259627,2186.767765,ESP32,TRUE
755,28.0,57.0,15,1,146.53,46.717,692.069525,2140.662095,ESP32,TRUE
756,28.0,57.0,16,1,892.0,46.959,113.295287,2129.659254,ESP32,TRUE
757,28.0,57.0,6,1,4572.778,45.543,22.094085,2196.124108,ESP32,TRUE
758,28.0,57.0,10,1,981.415,46.589,102.970132,2146.867256,ESP32,TRUE
759,28.0,57.0,7,1,3336.945,45.73,30.275712,2186.927948,ESP32,TRUE
760,28.0,57.0,12,1,1208.403,47.088,83.627993,2123.844461,ESP32,TRUE
761,28.0,57.0,17,1,2041.171,46.509,49.513964,2150.412532,ESP32,TRUE
762,28.0,57.0,19,1,5437.767,46.558,18.588304,2148.02881,ESP32,TRUE
763,28.0,57.0,9,1,456.423,45.363,221.404487,2204.604148,ESP32,TRUE
764,28.0,57.0,17,1,2041.739,46.747,49.500335,2139.34982,ESP32,TRUE
765,28.0,57.0,17,1,2040.928,46.758,49.519797,2138.792476,ESP32,TRUE
766,28.0,57.0,7,1,3336.37,45.816,30.280876,2183.061693,ESP32,TRUE
767,28.0,57.0,10,1,981.916,46.417,102.918143,2154.54318,ESP32,TRUE
768,28.0,57.0,9,1,456.555,45.504,221.341142,2197.731924,ESP32,TRUE
769,28.0,57.0,5,1,1123.249,45.423,89.925938,2201.700615,ESP32,TRUE
770,28.0,57.0,17,1,2039.849,46.704,49.545714,2141.353838,ESP32,TRUE
771,28.0,57.0,16,1,893.317,46.588,113.130009,2146.592943,ESP32,TRUE
772,28.0,57.0,16,1,891.171,46.366,113.399574,2157.19864,ESP32,TRUE
773,28.0,57.0,5,1,1123.726,45.353,89.888148,2205.18617,ESP32,TRUE
774,28.0,57.0,19,1,5434.74,46.639,18.598546,2145.102026,ESP32,TRUE
775,28.0,57.0,7,1,3337.429,45.335,30.271366,2205.940689,ESP32,TRUE
776,28.0,57.0,9,1,454.81,45.484,222.181515,2198.703677,ESP32,TRUE
777,28.0,57.0,16,1,893.609,46.402,113.09343,2155.236349,ESP32,TRUE
778,28.0,57.0,15,1,144.55,46.351,701.417565,2157.579849,ESP32,TRUE
779,28.0,57.0,12,1,1207.765,46.483,83.671707,2151.64001,ESP32,TRUE
780,28.0,57.0,8,1,177.634,51.585,569.804624,1938.754441,ESP32,TRUE
781,28.0,57.0,9,1,453.901,45.376,222.62184,2204.063296,ESP32,TRUE
782,28.0,57.0,9,1,454.815,45.514,222.179098,2197.394843,ESP32,TRUE
783,28.0,57.0,8,1,180.043,45.455,562.272206,2200.142378,ESP32,TRUE
784,28.0,57.0,5,1,1123.896,46.571,89.874687,2147.428526,ESP32,TRUE
785,28.0,57.0,16,1,893.076,47.89,113.160217,2088.316323,ESP32,TRUE
786,28.0,57.0,10,1,981.831,49.683,102.92696,2013.112292,ESP32,TRUE
787,28.0,57.0,11,1,2493.691,47.569,40.529844,2102.411215,ESP32,TRUE
788,28.0,57.0,11,1,2492.622,47.893,40.547042,2088.224786,ESP32,TRUE
789,28.0,57.0,16,1,892.718,46.421,113.205121,2154.301783,ESP32,TRUE
790,28.0,57.0,5,1,1122.587,46.95,89.978438,2130.181031,ESP32,TRUE
791,28.0,57.0,16,1,893.046,53.358,113.163979,1874.30603,ESP32,TRUE
792,28.0,57.0,17,1,2039.315,46.574,49.558551,2147.263538,ESP32,TRUE
793,28.0,57.0,10,1,982.256,46.724,102.882891,2140.353193,ESP32,TRUE
794,28.0,57.0,8,1,180.22,45.3,561.726706,2207.63744,ESP32,TRUE
795,28.0,57.0,5,1,1121.367,45.499,90.075354,2198.097247,ESP32,TRUE
796,28.0,57.0,18,1,2332.44,46.323,43.331742,2158.867039,ESP32,TRUE
797,28.0,57.0,12,1,1209.715,46.43,83.538242,2153.907122,ESP32,TRUE
798,28.0,57.0,19,1,5434.741,47.249,18.598543,2117.12766,ESP32,TRUE
799,28.0,57.0,16,1,892.205,46.371,113.269529,2156.834523,ESP32,TRUE
800,28.0,57.0,8,1,178.933,46.444,565.717738,2153.33546,ESP32,TRUE
801,28.0,57.0,11,1,2493.873,46.448,40.526917,2153.047296,ESP32,TRUE
802,28.0,57.0,10,1,981.709,46.352,102.939617,2157.874154,ESP32,TRUE
803,28.0,57.0,13,1,4317.343,46.519,23.411542,2150.015804,ESP32,TRUE
804,28.0,57.0,5,1,1123.058,45.424,89.941079,2201.609445,ESP32,TRUE
805,28.0,57.0,14,1,305.909,46.508,331.625943,2150.3758,ESP32,TRUE
806,28.0,57.0,12,1,1207.464,46.465,83.692347,2152.294336,ESP32,TRUE
807,28.0,57.0,9,1,455.665,45.427,221.768952,2201.492347,ESP32,TRUE
808,28.0,57.0,8,1,176.6,45.363,573.10075,2205.049882,ESP32,TRUE
809,28.0,57.0,18,1,2331.633,46.429,43.346581,2154.046312,ESP32,TRUE
810,28.0,57.0,14,1,306.018,47.258,331.509507,2116.191288,ESP32,TRUE
811,28.0,57.0,5,1,1124.194,45.745,89.851101,2186.952936,ESP32,TRUE
812,28.0,57.0,10,1,979.452,46.409,103.174345,2154.870771,ESP32,TRUE
813,28.0,57.0,5,1,1123.138,45.323,89.934737,2206.617371,ESP32,TRUE
814,28.0,57.0,19,1,5437.374,46.836,18.589633,2135.210165,ESP32,TRUE
815,28.0,57.0,19,1,5435.762,46.649,18.595087,2144.150612,ESP32,TRUE
816,28.0,57.0,8,1,177.971,45.524,568.738631,2196.781299,ESP32,TRUE
817,28.0,57.0,8,1,175.892,45.397,575.380024,2202.905759,ESP32,TRUE
818,28.0,57.0,7,1,3337.839,46.168,30.267685,2166.159185,ESP32,TRUE
819,28.0,57.0,12,1,1209.166,48.094,83.575774,2079.808208,ESP32,TRUE
820,28.0,57.0,6,1,4572.301,45.639,22.096367,2191.264792,ESP32,TRUE
821,28.0,57.0,9,1,458.399,45.423,220.460044,2202.264792,ESP32,TRUE
822,28.0,57.0,10,1,978.94,47.968,103.227744,2085.387172,ESP32,TRUE
823,28.0,57.0,15,1,143.098,46.436,708.437207,2153.649147,ESP32,TRUE
824,28.0,57.0,5,1,1122.83,45.487,89.95916,2198.82922,ESP32,TRUE
825,28.0,57.0,8,1,176.005,45.692,575.015011,2188.737998,ESP32,TRUE
826,28.0,57.0,11,1,2495.182,46.639,40.505881,2144.308044,ESP32,TRUE
827,28.0,57.0,17,1,2042.448,46.819,49.483333,2136.002929,ESP32,TRUE
828,28.0,57.0,6,1,4572.68,45.475,22.094554,2199.342794,ESP32,TRUE
829,28.0,57.0,7,1,3337.837,45.541,30.267703,2195.984534,ESP32,TRUE
830,28.0,57.0,11,1,2494.704,46.511,40.51356,2150.165332,ESP32,TRUE
831,28.0,57.0,9,1,456.6,47.975,221.319555,2084.704534,ESP32,TRUE
832,28.0,57.0,18,1,2332.879,46.903,43.323675,2132.197763,ESP32,TRUE
833,28.0,57.0,11,1,2494.793,46.89,40.51213,2133.043517,ESP32,TRUE
834,28.0,57.0,13,1,4313.874,46.747,23.430168,2139.527203,ESP32,TRUE
835,28.0,57.0,10,1,981.76,46.556,102.934325,2148.066387,ESP32,TRUE
836,28.0,57.0,18,1,2332.151,47.529,43.337055,2104.384313,ESP32,TRUE
837,28.0,57.0,11,1,2492.025,46.79,40.556653,2137.861132,ESP32,TRUE
838,28.0,57.0,9,1,456.472,45.489,221.380968,2198.450729,ESP32,TRUE
839,28.0,57.0,8,1,180.211,45.544,561.754418,2196.249047,ESP32,TRUE
840,28.0,57.0,14,1,306.032,46.448,331.494558,2153.052265,ESP32,TRUE
841,28.0,57.0,11,1,2494.111,46.439,40.523091,2153.724154,ESP32,TRUE
842,28.0,57.0,10,1,981.53,46.353,102.958193,2157.515039,ESP32,TRUE
843,28.0,57.0,14,1,304.849,48.106,332.762598,2078.853664,ESP32,TRUE
844,28.0,57.0,9,1,456.004,45.431,221.605803,2201.293532,ESP32,TRUE
845,28.0,57.0,10,1,981.706,46.389,102.939928,2155.924324,ESP32,TRUE
846,28.0,57.0,15,1,143.801,46.962,705.020876,2129.697972,ESP32,TRUE
847,28.0,57.0,15,1,145.71,46.479,695.910115,2151.732111,ESP32,TRUE
848,28.0,57.0,18,1,2334.018,47.078,43.302756,2124.315622,ESP32,TRUE
849,28.0,57.0,17,1,2041.86,46.528,49.497432,2149.390025,ESP32,TRUE
850,28.0,57.0,8,1,179.035,49.67,565.399338,2013.406137,ESP32,TRUE
851,28.0,57.0,12,1,1206.159,46.447,83.781952,2153.137154,ESP32,TRUE
852,28.0,57.0,9,1,453.844,45.264,222.649509,2209.363339,ESP32,TRUE
853,28.0,57.0,8,1,181.434,50.257,558.013945,1989.884955,ESP32,TRUE
854,28.0,57.0,18,1,2332.101,46.454,43.337975,2152.793721,ESP32,TRUE
855,28.0,57.0,10,1,981.799,46.457,102.930279,2152.755485,ESP32,TRUE
856,28.0,57.0,5,1,1122.181,45.528,90.010667,2196.913295,ESP32,TRUE
857,28.0,57.0,10,1,981.27,46.429,102.985188,2154.556212,ESP32,TRUE
858,28.0,57.0,11,1,2494.068,46.707,40.523782,2141.115727,ESP32,TRUE
859,28.0,57.0,17,1,2042.598,46.799,49.479737,2137.038422,ESP32,TRUE
860,28.0,57.0,5,1,1122.244,45.504,90.005664,2197.800477,ESP32,TRUE
861,28.0,57.0,12,1,1208.495,46.495,83.621693,2150.873002,ESP32,TRUE
862,28.0,57.0,18,1,2333.135,46.758,43.318971,2138.92172,ESP32,TRUE
863,28.0,57.0,8,1,178.189,53.77,568.051204,1859.974939,ESP32,TRUE
864,28.0,57.0,17,1,2041.997,46.526,49.494146,2149.66612,ESP32,TRUE
865,28.0,57.0,16,1,892.401,47.028,113.244912,2126.592161,ESP32,TRUE
866,28.0,57.0,14,1,306.109,46.425,331.412362,2154.345309,ESP32,TRUE
867,28.0,57.0,5,1,1122.699,45.276,89.969552,2208.874426,ESP32,TRUE
868,28.0,57.0,15,1,146.57,47.855,691.883279,2089.759573,ESP32,TRUE
869,28.0,57.0,8,1,176.647,45.273,572.950089,2209.658173,ESP32,TRUE
870,28.0,57.0,12,1,1210.511,46.385,83.483884,2156.218047,ESP32,TRUE
871,28.0,57.0,8,1,179.154,45.481,565.028331,2199.081896,ESP32,TRUE
872,28.0,57.0,18,1,2333.964,46.723,43.303748,2140.591206,ESP32,TRUE
873,28.0,57.0,14,1,304.91,46.772,332.696972,2138.180548,ESP32,TRUE
874,28.0,57.0,15,1,144.419,46.518,702.045087,2149.865249,ESP32,TRUE
875,28.0,57.0,7,1,3337.888,45.707,30.267245,2187.98172,ESP32,TRUE
876,28.0,57.0,19,1,5434.669,47.084,18.598787,2124.15943,ESP32,TRUE
877,28.0,57.0,15,1,143.881,49.057,704.634221,2038.546211,ESP32,TRUE
878,28.0,57.0,9,1,454.19,45.423,222.481655,2201.754783,ESP32,TRUE
879,28.0,57.0,18,1,2331.439,47.439,43.35015,2108.103975,ESP32,TRUE
880,28.0,57.0,10,1,979.726,49.373,103.145791,2025.52484,ESP32,TRUE
881,28.0,57.0,5,1,1123.398,45.998,89.91413,2174.205052,ESP32,TRUE
882,28.0,57.0,8,1,177.099,45.377,571.505261,2204.059301,ESP32,TRUE
883,28.0,57.0,5,1,1122.904,45.381,89.953291,2203.673877,ESP32,TRUE
884,28.0,57.0,10,1,981.991,46.999,102.910365,2128.221385,ESP32,TRUE
885,28.0,57.0,9,1,458.577,45.262,220.375367,2209.476868,ESP32,TRUE
886,28.0,57.0,5,1,1121.347,45.56,90.076944,2195.06167,ESP32,TRUE
887,28.0,57.0,6,1,4573.751,45.598,22.089433,2193.195265,ESP32,TRUE
888,28.0,57.0,6,1,4571.438,45.618,22.100496,2192.464871,ESP32,TRUE
889,28.0,57.0,16,1,893.185,46.367,113.146553,2157.505015,ESP32,TRUE
890,28.0,57.0,16,1,893.293,46.425,113.133017,2154.451033,ESP32,TRUE
891,28.0,57.0,14,1,305.935,46.344,331.598161,2157.980225,ESP32,TRUE
892,28.0,57.0,18,1,2330.512,48.162,43.367211,2076.758277,ESP32,TRUE
893,28.0,57.0,19,1,5437.094,46.905,18.59058,2132.236409,ESP32,TRUE
894,28.0,57.0,17,1,2041.323,47.265,49.510316,2115.887059,ESP32,TRUE
895,28.0,57.0,14,1,305.521,46.322,332.041086,2158.951423,ESP32,TRUE
896,28.0,57.0,18,1,2333.78,46.835,43.307126,2135.296049,ESP32,TRUE
897,28.0,57.0,10,1,981.564,69.503,102.954664,1439.012109,ESP32,TRUE
898,28.0,57.0,12,1,1213.838,53.247,83.25746,1878.149781,ESP32,TRUE
899,28.0,57.0,15,1,162.216,76.111,626.077422,1313.986391,ESP32,TRUE
900,28.0,57.0,13,1,4313.108,47.588,23.434285,2101.540433,ESP32,TRUE
